Workbook

Sheet Raw Data
A1: MicroBank — mTLS Overhead Benchmark (k6 end-to-end P95 of POST /transactions/transfer)
A3: P95 latency per run (ms)
A4: Run | B4: Baseline (no mesh) | C4: Linkerd | D4: Istio
A5: 1 | B5: 82.769968 | C5: 170.99615 | D5: 170.72386
A6: 2 | B6: 101.75825 | C6: 113.68271 | D6: 161.37386
A7: 3 | B7: 64.964598 | C7: 107.03729 | D7: 128.22178
A8: 4 | B8: 79.346129 | C8: 110.47431 | D8: 114.75669
A9: 5 | B9: 50.990926 | C9: 86.914033 | D9: 104.03034
A10: Mean | B10: =AVERAGE(B5:B9) | C10: =AVERAGE(C5:C9) | D10: =AVERAGE(D5:D9)
A11: Median | B11: =MEDIAN(B5:B9) | C11: =MEDIAN(C5:C9) | D11: =MEDIAN(D5:D9)
A12: Std Dev (sample) | B12: =STDEV(B5:B9) | C12: =STDEV(C5:C9) | D12: =STDEV(D5:D9)
A13: Min | B13: =MIN(B5:B9) | C13: =MIN(C5:C9) | D13: =MIN(D5:D9)
A14: Max | B14: =MAX(B5:B9) | C14: =MAX(C5:C9) | D14: =MAX(D5:D9)

Sheet Summary & Overhead
A1: mTLS Overhead vs Baseline (mean P95, all 5 runs)
A3: Configuration | B3: Mean P95 (ms) | C3: Median P95 (ms) | D3: Std Dev (ms) | E3: Overhead vs Baseline (ms) | F3: Overhead vs Baseline (%)
A4: Baseline (no mesh) | B4: ='Raw Data'!B10 | C4: ='Raw Data'!B11 | D4: ='Raw Data'!B12 | E4: =B4-$B$4 | F4: =(B4-$B$4)/$B$4
A5: Linkerd | B5: ='Raw Data'!C10 | C5: ='Raw Data'!C11 | D5: ='Raw Data'!C12 | E5: =B5-$B$4 | F5: =(B5-$B$4)/$B$4
A6: Istio | B6: ='Raw Data'!D10 | C6: ='Raw Data'!D11 | D6: ='Raw Data'!D12 | E6: =B6-$B$4 | F6: =(B6-$B$4)/$B$4
A26: Notes / methodology:
A27: - Metric: end-to-end P95 of POST /api/v1/transactions/transfer, measured with k6 (measure-latency.js).
A28: - 5 runs per configuration; identical k6 profile, window length and duration trim across all three.
A29: - A separate warm-up test was run before measuring, so all 5 runs are steady-state and included.
A30: - PostgreSQL is out of mesh scope (plain TCP) in ALL configs, so the DB tier is a controlled constant.
A31: - Latency is dominated by app + DB work; the mesh delta is the service-to-service mTLS cost.
